date,net_cash,cash_balance,transaction_count,cash_inflow,cash_outflow
2023-01-01,-225089.3395223781,224910.6604776219,5.0,0.0,225089.3395223781
2023-01-02,-190142.61,34768.0504776219,2.0,0.0,190142.61
2023-01-03,0.0,42979.2954776219,0.0,0.0,0.0
2023-01-04,16422.49,51190.54047762189,2.0,16422.49,0.0
2023-01-05,0.0,54133.25547762189,0.0,0.0,0.0
2023-01-06,5885.43,57075.970477621886,1.0,5885.43,0.0
2023-01-07,0.0,61855.042977621895,0.0,0.0,0.0
2023-01-08,0.0,66634.1154776219,0.0,0.0,0.0
2023-01-09,0.0,71413.18797762191,0.0,0.0,0.0
2023-01-10,19116.29,76192.26047762192,3.0,19116.29,0.0
2023-01-11,4060.85,80253.1104776219,1.0,4060.85,0.0
2023-01-12,16373.71,96626.82047762192,3.0,16373.71,0.0
2023-01-13,0.0,106127.85047762192,0.0,0.0,0.0
2023-01-14,19002.06,115628.88047762192,2.0,19002.06,0.0
2023-01-15,-4950.571165243889,110678.30931237806,1.0,0.0,4950.571165243889
2023-01-16,8280.94,118959.24931237806,1.0,8280.94,0.0
2023-01-17,0.0,124212.02431237804,0.0,0.0,0.0
2023-01-18,10505.55,129464.79931237805,1.0,10505.55,0.0
2023-01-19,9705.69,139170.48931237805,1.0,9705.69,0.0
2023-01-20,22858.0,162028.48931237805,3.0,22858.0,0.0
2023-01-21,2192.44,164220.92931237805,1.0,2192.44,0.0
2023-01-22,32826.11,197047.03931237804,4.0,32826.11,0.0
2023-01-23,22394.97,212700.40931237803,3.0,22394.97,0.0
2023-01-24,6815.41,226257.41931237804,1.0,6815.41,0.0
2023-01-25,0.0,228626.09431237803,0.0,0.0,0.0
2023-01-26,4737.35,230994.76931237805,2.0,4737.35,0.0
2023-01-27,0.0,222669.77931237803,0.0,0.0,0.0
2023-01-28,-16649.98,214344.78931237804,2.0,0.0,16649.98
2023-01-29,12871.04,227215.82931237805,3.0,12871.04,0.0
2023-01-30,0.0,229792.40431237803,0.0,0.0,0.0
2023-01-31,5153.15,232368.97931237804,1.0,5153.15,0.0
2023-02-01,-168149.94,64219.039312378096,5.0,0.0,168149.94
2023-02-02,11006.07,75225.1093123781,1.0,11006.07,0.0
2023-02-03,35096.020000000004,110321.12931237812,3.0,35096.020000000004,0.0
2023-02-04,12681.23,123002.3593123781,1.0,12681.23,0.0
2023-02-05,11625.79,129356.14931237808,3.0,11625.79,0.0
2023-02-06,21520.55,156148.69931237807,2.0,21520.55,0.0
2023-02-07,7055.7,163204.39931237808,1.0,7055.7,0.0
2023-02-08,16434.28,179638.67931237805,2.0,16434.28,0.0
2023-02-09,17142.46,196781.13931237804,1.0,17142.46,0.0
2023-02-10,16150.82,212931.95931237805,1.0,16150.82,0.0
2023-02-11,9985.259999999998,221124.67931237805,2.0,9985.259999999998,0.0
2023-02-12,26104.460000000003,249021.67931237808,3.0,26104.460000000003,0.0
2023-02-13,9561.85,258583.5293123781,1.0,9561.85,0.0
2023-02-14,15171.46,273754.9893123781,2.0,15171.46,0.0
2023-02-15,4127.200230214212,277882.18954259227,2.0,4127.200230214212,0.0
2023-02-16,13601.91,283199.63954259234,2.0,13601.91,0.0
2023-02-17,0.0,303696.3795425924,0.0,0.0,0.0
2023-02-18,32709.02,324193.11954259226,5.0,32709.02,0.0
2023-02-19,33515.28,357708.3995425923,5.0,33515.28,0.0
2023-02-20,8255.19,363868.3995425923,2.0,8255.19,0.0
2023-02-21,0.0,379071.9328759256,0.0,0.0,0.0
2023-02-22,0.0,394275.4662092589,0.0,0.0,0.0
2023-02-23,43515.41,409478.99954259227,4.0,43515.41,0.0
2023-02-24,7854.61,417333.60954259225,1.0,7854.61,0.0
2023-02-25,16567.26,433900.86954259226,2.0,16567.26,0.0
2023-02-26,3839.77,437740.6395425923,1.0,3839.77,0.0
2023-02-27,0.0,448633.4695425923,0.0,0.0,0.0
2023-02-28,16741.88,459526.29954259226,5.0,16741.88,0.0
2023-03-01,-186465.21,268017.30954259227,3.0,0.0,186465.21
2023-03-02,-2637.309508134703,265380.0000344576,1.0,0.0,2637.309508134703
2023-03-03,32382.03,280705.76003445755,5.0,32382.03,0.0
2023-03-04,61013.91,358775.9400344576,5.0,61013.91,0.0
2023-03-05,1600.0,360375.9400344576,1.0,1600.0,0.0
2023-03-06,30486.15,369961.4200344576,4.0,30486.15,0.0
2023-03-07,13563.43,404425.5200344576,3.0,13563.43,0.0
2023-03-08,16257.2,420682.7200344576,2.0,16257.2,0.0
2023-03-09,26721.17,447403.8900344576,3.0,26721.17,0.0
2023-03-10,42716.09,452096.4100344576,4.0,42716.09,0.0
2023-03-11,40479.75,530599.7300344576,4.0,40479.75,0.0
2023-03-12,4997.71,535597.4400344576,1.0,4997.71,0.0
2023-03-13,13140.28,548737.7200344576,3.0,13140.28,0.0
2023-03-14,8453.14,555521.8500344576,2.0,8453.14,0.0
2023-03-15,33964.02684130684,591154.8868757645,5.0,33964.02684130684,0.0
2023-03-16,17852.98,609007.8668757644,2.0,17852.98,0.0
2023-03-17,22849.24,620079.8368757644,3.0,22849.24,0.0
2023-03-18,11602.51,643459.6168757644,1.0,11602.51,0.0
2023-03-19,16062.41,659522.0268757645,1.0,16062.41,0.0
2023-03-20,29523.82,689045.8468757644,3.0,29523.82,0.0
2023-03-21,20618.75,709664.5968757644,2.0,20618.75,0.0
2023-03-22,12806.64,722471.2368757644,1.0,12806.64,0.0
2023-03-23,40409.3,754164.9968757645,5.0,40409.3,0.0
2023-03-24,21025.51,783906.0468757644,4.0,21025.51,0.0
2023-03-25,26809.800000000003,810715.8468757644,3.0,26809.800000000003,0.0
2023-03-26,4346.15,815061.9968757643,1.0,4346.15,0.0
2023-03-27,27469.66,828766.6368757645,3.0,27469.66,0.0
2023-03-28,14170.610000000002,856702.2668757644,4.0,14170.610000000002,0.0
2023-03-29,21614.25,878316.5168757644,2.0,21614.25,0.0
2023-03-30,30565.94,881513.7168757644,6.0,30565.94,0.0
2023-03-31,9851.94,918734.3968757644,2.0,9851.94,0.0
2023-04-01,-153716.10275178502,738019.5425894524,12.0,0.0,153716.10275178502
2023-04-02,7844.530000000001,772862.8241239793,2.0,7844.530000000001,0.0
2023-04-03,-191500.78,783301.9541239793,4.0,0.0,191500.78
2023-04-04,8659.89,590021.9341239793,2.0,8659.89,0.0
2023-04-05,5059.95,595081.8841239794,1.0,5059.95,0.0
2023-04-06,10286.92,605368.8041239793,1.0,10286.92,0.0
2023-04-07,11664.62,617033.4241239794,1.0,11664.62,0.0
2023-04-08,7831.95,624865.3741239794,1.0,7831.95,0.0
2023-04-09,34707.11,659572.4841239793,3.0,34707.11,0.0
2023-04-10,10754.66,670327.1441239794,1.0,10754.66,0.0
2023-04-11,25936.02,682824.3841239794,2.0,25936.02,0.0
2023-04-12,42584.32,738847.4841239793,3.0,42584.32,0.0
2023-04-13,46548.25,785395.7341239795,5.0,46548.25,0.0
2023-04-14,54967.32,807081.7341239795,5.0,54967.32,0.0
2023-04-15,-2937.7092005688714,837425.3449234106,1.0,0.0,2937.7092005688714
2023-04-16,14711.77,852137.1149234106,2.0,14711.77,0.0
2023-04-17,8611.52,860748.6349234106,2.0,8611.52,0.0
2023-04-18,20214.33,880962.9649234106,3.0,20214.33,0.0
2023-04-19,55043.23,918101.4249234106,7.0,55043.23,0.0
2023-04-20,-27454.32740677709,908551.8675166336,4.0,0.0,27454.32740677709
2023-04-21,38688.7,918396.5975166336,4.0,38688.7,0.0
2023-04-22,57283.53,999355.0175166334,6.0,57283.53,0.0
2023-04-23,19036.34,1012236.4675166332,2.0,19036.34,0.0
2023-04-24,6344.99,1029905.4275166332,1.0,6344.99,0.0
2023-04-25,20482.960000000003,1050388.3875166331,4.0,20482.960000000003,0.0
2023-04-26,18628.56,1069016.9475166332,2.0,18628.56,0.0
2023-04-27,52905.62,1099696.1275166334,7.0,52905.62,0.0
2023-04-28,1940.340000000002,1123862.9075166332,3.0,1940.340000000002,0.0
2023-04-29,23165.28,1147028.1875166334,3.0,23165.28,0.0
2023-04-30,2941.16,1149969.347516633,1.0,2941.16,0.0
2023-05-01,-400988.17625993263,791662.1051596247,10.0,0.0,400988.17625993263
2023-05-02,22796.96,771778.1312567007,2.0,22796.96,0.0
2023-05-03,28768.44,800546.5712567007,2.0,28768.44,0.0
2023-05-04,21328.15,821874.7212567007,4.0,21328.15,0.0
2023-05-05,6845.01,828719.7312567007,2.0,6845.01,0.0
2023-05-06,38946.630000000005,859105.5712567007,4.0,38946.630000000005,0.0
2023-05-07,14715.990000000002,882382.3512567007,2.0,14715.990000000002,0.0
2023-05-08,26715.62,909097.9712567008,3.0,26715.62,0.0
2023-05-09,20836.16,922104.2812567006,4.0,20836.16,0.0
2023-05-10,32433.74,962367.8712567008,3.0,32433.74,0.0
2023-05-11,13390.17,975758.0412567006,2.0,13390.17,0.0
2023-05-12,12462.24,987521.1612567006,3.0,12462.24,0.0
2023-05-13,29686.54,997465.5312567006,3.0,29686.54,0.0
2023-05-14,0.0,1013258.5140725576,0.0,0.0,0.0
2023-05-15,11144.675631714234,1029051.4968884148,4.0,11144.675631714234,0.0
2023-05-16,36968.35,1066019.8468884148,4.0,36968.35,0.0
2023-05-17,4940.62,1070960.4668884147,1.0,4940.62,0.0
2023-05-18,9586.51,1080546.976888415,1.0,9586.51,0.0
2023-05-19,63245.44,1109688.706888415,7.0,63245.44,0.0
2023-05-20,19325.48,1146340.156888415,3.0,19325.48,0.0
2023-05-21,15586.169999999998,1170875.1268884148,2.0,15586.169999999998,0.0
2023-05-22,40714.53,1219418.596888415,4.0,40714.53,0.0
2023-05-23,26282.9,1245701.496888415,3.0,26282.9,0.0
2023-05-24,6955.73,1252657.226888415,2.0,6955.73,0.0
2023-05-25,3753.86,1256411.0868884148,1.0,3753.86,0.0
2023-05-26,9191.58,1265602.6668884149,1.0,9191.58,0.0
2023-05-27,41249.67,1306852.3368884148,5.0,41249.67,0.0
2023-05-28,20930.29,1327782.6268884148,5.0,20930.29,0.0
2023-05-29,14650.98,1334802.8868884146,3.0,14650.98,0.0
2023-05-30,6160.18,1348593.7868884148,1.0,6160.18,0.0
2023-05-31,17872.54688125777,1366466.3337696726,3.0,17872.54688125777,0.0
2023-06-01,-192352.13,1174114.203769673,2.0,0.0,192352.13
2023-06-02,28373.53,1182647.6237696726,3.0,28373.53,0.0
2023-06-03,19731.95,1222219.6837696726,4.0,19731.95,0.0
2023-06-04,0.0,1239592.4387696723,0.0,0.0,0.0
2023-06-05,34745.51,1256965.1937696724,4.0,34745.51,0.0
2023-06-06,29588.98,1269214.4837696725,4.0,29588.98,0.0
2023-06-07,15573.8,1302127.9737696724,2.0,15573.8,0.0
2023-06-08,8752.55,1310880.5237696725,2.0,8752.55,0.0
2023-06-09,33822.93,1344703.4537696724,3.0,33822.93,0.0
2023-06-10,8633.87,1353337.3237696723,2.0,8633.87,0.0
2023-06-11,33867.5,1370497.1137696723,6.0,33867.5,0.0
2023-06-12,18648.44,1405853.2637696725,2.0,18648.44,0.0
2023-06-13,0.0,1409266.7137696724,0.0,0.0,0.0
2023-06-14,6826.9,1412680.1637696726,1.0,6826.9,0.0
2023-06-15,14305.664166514149,1411799.9579361866,4.0,14305.664166514149,0.0
2023-06-16,30099.69,1457085.5179361866,3.0,30099.69,0.0
2023-06-17,22558.7,1479644.2179361866,3.0,22558.7,0.0
2023-06-18,6983.42,1486627.6379361865,1.0,6983.42,0.0
2023-06-19,20340.51,1506968.1479361868,2.0,20340.51,0.0
2023-06-20,30791.6,1537759.7479361868,2.0,30791.6,0.0
2023-06-21,5177.08,1542936.827936187,1.0,5177.08,0.0
2023-06-22,15573.11,1558509.937936187,3.0,15573.11,0.0
2023-06-23,0.0,1563124.152936187,0.0,0.0,0.0
2023-06-24,36866.43,1567738.367936187,5.0,36866.43,0.0
2023-06-25,15837.14,1611213.507936187,2.0,15837.14,0.0
2023-06-26,28455.69,1639669.1979361873,2.0,28455.69,0.0
2023-06-27,23401.55,1663070.7479361873,3.0,23401.55,0.0
2023-06-28,8562.449999999997,1662192.4179361872,3.0,8562.449999999997,0.0
2023-06-29,15895.85,1687529.0479361874,1.0,15895.85,0.0
2023-06-30,50177.0502009979,1727644.7781371851,7.0,50177.0502009979,0.0
2023-07-01,9481.97,1744676.0281371851,2.0,9481.97,0.0
2023-07-02,46024.4,1793212.468137185,5.0,46024.4,0.0
2023-07-03,-204556.89,1588655.5781371852,2.0,0.0,204556.89
2023-07-04,29356.08,1618011.6581371853,2.0,29356.08,0.0
2023-07-05,0.0,1623113.698137185,0.0,0.0,0.0
2023-07-06,18937.6,1628215.738137185,2.0,18937.6,0.0
2023-07-07,27735.73,1664684.9881371856,3.0,27735.73,0.0
2023-07-08,27551.61,1692236.5981371857,3.0,27551.61,0.0
2023-07-09,3966.13,1696202.7281371856,1.0,3966.13,0.0
2023-07-10,40330.25,1715515.5381371856,5.0,40330.25,0.0
2023-07-11,35690.54,1772223.5181371854,4.0,35690.54,0.0
2023-07-12,0.0,1788850.4231371852,0.0,0.0,0.0
2023-07-13,33253.81,1805477.3281371847,3.0,33253.81,0.0
2023-07-14,12571.24,1818048.5681371847,1.0,12571.24,0.0
2023-07-15,40385.40968218837,1847250.2881371847,6.0,40385.40968218837,0.0
2023-07-16,12507.55,1870941.5278193736,1.0,12507.55,0.0
2023-07-17,17085.29,1888026.8178193728,2.0,17085.29,0.0
2023-07-18,0.0,1894992.2778193727,0.0,0.0,0.0
2023-07-19,13930.92,1901957.737819373,1.0,13930.92,0.0
2023-07-20,-14760.80202395276,1910272.197819373,3.0,0.0,14760.80202395276
2023-07-21,12594.63,1899791.5657954204,1.0,12594.63,0.0
2023-07-22,8109.48,1907901.0457954204,2.0,8109.48,0.0
2023-07-23,0.0,1911067.9507954204,0.0,0.0,0.0
2023-07-24,6333.81,1914234.8557954205,1.0,6333.81,0.0
2023-07-25,39131.6,1943615.6557954203,5.0,39131.6,0.0
2023-07-26,6141.55,1959508.0057954204,1.0,6141.55,0.0
2023-07-27,29800.4,1978610.4557954203,3.0,29800.4,0.0
2023-07-28,-5334.549999999999,1983973.85579542,2.0,0.0,5334.549999999999
2023-07-29,20459.43,2004433.2857954204,2.0,20459.43,0.0
2023-07-30,0.0,2008326.0507954203,0.0,0.0,0.0
2023-07-31,7785.53,2012218.8157954204,1.0,7785.53,0.0
2023-08-01,-197521.79,1806298.8157954204,3.0,0.0,197521.79
2023-08-02,0.0,1817757.3407954208,0.0,0.0,0.0
2023-08-03,14518.84,1829215.8657954205,1.0,14518.84,0.0
2023-08-04,11727.75,1840943.6157954205,1.0,11727.75,0.0
2023-08-05,9699.36,1850642.9757954204,3.0,9699.36,0.0
2023-08-06,9934.2,1860577.1757954203,1.0,9934.2,0.0
2023-08-07,14486.53,1875063.7057954203,1.0,14486.53,0.0
2023-08-08,24347.07,1899410.7757954204,3.0,24347.07,0.0
2023-08-09,23089.41,1922500.1857954203,2.0,23089.41,0.0
2023-08-10,34392.95,1940679.6957954208,4.0,34392.95,0.0
2023-08-11,24822.88,1981716.0157954209,3.0,24822.88,0.0
2023-08-12,6246.11,1987962.1257954207,1.0,6246.11,0.0
2023-08-13,15124.32,2003086.4457954208,1.0,15124.32,0.0
2023-08-14,25393.86,2018649.2257954208,2.0,25393.86,0.0
2023-08-15,1710.0128511877151,2025872.8086466088,2.0,1710.0128511877151,0.0
2023-08-16,7369.54,2037559.858646609,1.0,7369.54,0.0
2023-08-17,4951.25,2042511.108646609,1.0,4951.25,0.0
2023-08-18,0.0,2044518.3186466089,0.0,0.0,0.0
2023-08-19,4014.42,2046525.5286466088,2.0,4014.42,0.0
2023-08-20,14076.35,2060601.8786466084,2.0,14076.35,0.0
2023-08-21,28837.1,2072501.6086466084,4.0,28837.1,0.0
2023-08-22,27257.03,2116696.0086466083,3.0,27257.03,0.0
2023-08-23,0.0,2119872.703646608,0.0,0.0,0.0
2023-08-24,6353.39,2123049.398646608,1.0,6353.39,0.0
2023-08-25,32005.12,2155054.518646608,3.0,32005.12,0.0
2023-08-26,1097.52,2156152.038646608,1.0,1097.52,0.0
2023-08-27,0.0,2146792.038646608,0.0,0.0,0.0
2023-08-28,-18720.0,2137432.038646608,1.0,0.0,18720.0
2023-08-29,9354.593370405057,2144655.252017013,3.0,9354.593370405057,0.0
2023-08-30,0.0,2083631.94868368,0.0,0.0,0.0
2023-08-31,0.0,2022608.6453503463,0.0,0.0,0.0
2023-09-01,-185201.29,1961585.342017013,3.0,0.0,185201.29
2023-09-02,6737.22,1968322.562017013,1.0,6737.22,0.0
2023-09-03,15877.76,1984200.322017013,2.0,15877.76,0.0
2023-09-04,6861.3,1991061.622017013,1.0,6861.3,0.0
2023-09-05,14786.49,2005848.112017013,1.0,14786.49,0.0
2023-09-06,0.0,2015296.7720170128,0.0,0.0,0.0
2023-09-07,34454.84,2024745.432017013,6.0,34454.84,0.0
2023-09-08,11370.13,2051673.0820170129,1.0,11370.13,0.0
2023-09-09,31608.79,2068613.362017013,3.0,31608.79,0.0
2023-09-10,16578.39,2099860.2620170126,1.0,16578.39,0.0
2023-09-11,16510.05,2116370.312017013,1.0,16510.05,0.0
2023-09-12,1393.14,2117763.452017013,1.0,1393.14,0.0
2023-09-13,14582.6,2132346.0520170126,1.0,14582.6,0.0
2023-09-14,8715.43,2141061.482017013,1.0,8715.43,0.0
2023-09-15,13491.538013551311,2154553.020030564,3.0,13491.538013551311,0.0
2023-09-16,9084.73,2163637.750030564,2.0,9084.73,0.0
2023-09-17,8150.98,2171788.730030564,1.0,8150.98,0.0
2023-09-18,15857.32,2187646.050030564,1.0,15857.32,0.0
2023-09-19,30577.58,2218223.630030564,3.0,30577.58,0.0
2023-09-20,46809.77,2265033.400030564,4.0,46809.77,0.0
2023-09-21,7818.64,2272852.040030564,1.0,7818.64,0.0
2023-09-22,14094.15,2286946.190030564,1.0,14094.15,0.0
2023-09-23,18398.04,2305344.230030564,2.0,18398.04,0.0
2023-09-24,8435.64,2313779.870030564,1.0,8435.64,0.0
2023-09-25,21636.78,2335416.650030564,2.0,21636.78,0.0
2023-09-26,26494.75,2361911.400030564,2.0,26494.75,0.0
2023-09-27,38092.49,2400003.890030564,4.0,38092.49,0.0
2023-09-28,-6641.199286338237,2408804.1207442256,4.0,0.0,6641.199286338237
2023-09-29,8558.07,2401920.7607442257,1.0,8558.07,0.0
2023-09-30,1761.31,2403682.0707442258,1.0,1761.31,0.0
2023-10-01,51111.52,2448912.260744226,6.0,51111.52,0.0
2023-10-02,-183214.68,2266827.440744226,3.0,0.0,183214.68
2023-10-03,18758.73,2290337.640744226,3.0,18758.73,0.0
2023-10-04,22258.59,2312596.230744226,3.0,22258.59,0.0
2023-10-05,19275.6,2315492.550744226,3.0,19275.6,0.0
2023-10-06,44012.09,2375883.9207442263,4.0,44012.09,0.0
2023-10-07,29419.95,2405303.8707442265,4.0,29419.95,0.0
2023-10-08,0.0,2409661.3657442266,0.0,0.0,0.0
2023-10-09,8714.99,2414018.8607442263,1.0,8714.99,0.0
2023-10-10,17939.79,2416817.430744226,3.0,17939.79,0.0
2023-10-11,40665.78,2472624.430744226,6.0,40665.78,0.0
2023-10-12,20963.96,2493588.390744226,3.0,20963.96,0.0
2023-10-13,18217.91,2503612.280744226,3.0,18217.91,0.0
2023-10-14,23602.5,2535408.8007442267,3.0,23602.5,0.0
2023-10-15,14080.849786561876,2543198.630530789,4.0,14080.849786561876,0.0
2023-10-16,31173.43,2564915.3705307883,2.0,31173.43,0.0
2023-10-17,32851.96,2613515.040530788,2.0,32851.96,0.0
2023-10-18,10438.93,2623953.9705307884,1.0,10438.93,0.0
2023-10-19,28806.5,2652760.4705307884,4.0,28806.5,0.0
2023-10-20,-11845.422991718651,2601635.54753907,5.0,0.0,11845.422991718651
2023-10-21,47257.990000000005,2688173.03753907,4.0,47257.990000000005,0.0
2023-10-22,9368.8,2697541.83753907,3.0,9368.8,0.0
2023-10-23,13098.8,2707457.5075390697,2.0,13098.8,0.0
2023-10-24,26114.17,2721185.437539069,3.0,26114.17,0.0
2023-10-25,26345.89,2763100.697539069,3.0,26345.89,0.0
2023-10-26,41522.46,2804623.157539069,5.0,41522.46,0.0
2023-10-27,22195.31,2807205.947539069,3.0,22195.31,0.0
2023-10-28,-3821.75,2822996.717539069,3.0,0.0,3821.75
2023-10-29,34131.61,2857128.3275390696,5.0,34131.61,0.0
2023-10-30,7750.9,2858659.267539069,2.0,7750.9,0.0
2023-10-31,42633.53,2907512.7575390693,4.0,42633.53,0.0
2023-11-01,-193885.1,2713627.657539069,3.0,0.0,193885.1
2023-11-02,16561.52,2730189.177539069,2.0,16561.52,0.0
2023-11-03,55289.23,2750202.467539069,6.0,55289.23,0.0
2023-11-04,16583.21,2802061.617539069,2.0,16583.21,0.0
2023-11-05,0.0,2802807.8625390693,0.0,0.0,0.0
2023-11-06,1492.49,2803554.1075390694,1.0,1492.49,0.0
2023-11-07,39428.42,2812257.7975390693,5.0,39428.42,0.0
2023-11-08,31299.96,2874282.4875390693,3.0,31299.96,0.0
2023-11-09,15918.38,2890200.867539069,2.0,15918.38,0.0
2023-11-10,13945.25,2904146.117539069,2.0,13945.25,0.0
2023-11-11,27519.23,2920369.8375390694,2.0,27519.23,0.0
2023-11-12,32693.76,2964359.1075390694,4.0,32693.76,0.0
2023-11-13,14489.69,2978848.7975390693,2.0,14489.69,0.0
2023-11-14,0.0,2985809.934129253,0.0,0.0,0.0
2023-11-15,13922.273180367138,2992771.0707194367,3.0,13922.273180367138,0.0
2023-11-16,22173.13,3006489.960719437,4.0,22173.13,0.0
2023-11-17,24045.02,3038989.2207194366,2.0,24045.02,0.0
2023-11-18,4114.65,3043103.870719437,2.0,4114.65,0.0
2023-11-19,6339.01,3049442.880719437,1.0,6339.01,0.0
2023-11-20,1801.87,3051244.750719437,1.0,1801.87,0.0
2023-11-21,25912.9,3077157.650719437,3.0,25912.9,0.0
2023-11-22,44843.87,3122001.5207194365,3.0,44843.87,0.0
2023-11-23,19852.81,3141854.330719436,3.0,19852.81,0.0
2023-11-24,5374.66,3147228.990719436,1.0,5374.66,0.0
2023-11-25,33959.35,3155647.060719436,3.0,33959.35,0.0
2023-11-26,36331.99,3194108.0607194365,4.0,36331.99,0.0
2023-11-27,10823.605412686338,3228343.936132123,4.0,10823.605412686338,0.0
2023-11-28,7443.84,3235787.7761321235,4.0,7443.84,0.0
2023-11-29,17578.63,3249368.0961321234,2.0,17578.63,0.0
2023-11-30,64541.93,3317908.336132124,6.0,64541.93,0.0
2023-12-01,-155370.19,3333451.6761321235,7.0,0.0,155370.19
2023-12-02,23203.44,3185741.5861321227,3.0,23203.44,0.0
2023-12-03,3346.39,3189087.976132123,1.0,3346.39,0.0
2023-12-04,17415.61,3206503.586132123,3.0,17415.61,0.0
2023-12-05,35270.42,3229003.496132124,3.0,35270.42,0.0
2023-12-06,19583.06,3261357.066132123,2.0,19583.06,0.0
2023-12-07,42511.83,3294328.3461321234,5.0,42511.83,0.0
2023-12-08,21675.47,3318835.486132123,2.0,21675.47,0.0
2023-12-09,59760.41,3385304.7761321226,5.0,59760.41,0.0
2023-12-10,17765.19,3403069.9661321226,1.0,17765.19,0.0
2023-12-11,5644.06,3408714.0261321226,1.0,5644.06,0.0
2023-12-12,45110.69,3431056.1761321225,6.0,45110.69,0.0
2023-12-13,1616.65,3455441.3661321225,1.0,1616.65,0.0
2023-12-14,1255.88,3456697.2461321224,1.0,1255.88,0.0
2023-12-15,5305.197753732019,3462002.4438858544,2.0,5305.197753732019,0.0
2023-12-16,25280.25,3473996.4638858545,2.0,25280.25,0.0
2023-12-17,38452.59,3525735.283885854,5.0,38452.59,0.0
2023-12-18,23489.36,3542317.3238858534,4.0,23489.36,0.0
2023-12-19,2059.97,3551284.613885853,1.0,2059.97,0.0
2023-12-20,48359.42,3599644.033885853,5.0,48359.42,0.0
2023-12-21,11114.33,3603245.943885853,2.0,11114.33,0.0
2023-12-22,30701.63,3622483.523885853,3.0,30701.63,0.0
2023-12-23,2076.74,3643536.733885853,1.0,2076.74,0.0
2023-12-24,43722.66,3675863.3138858527,5.0,43722.66,0.0
2023-12-25,28086.3,3715345.6938858526,4.0,28086.3,0.0
2023-12-26,56740.85,3740439.9838858526,7.0,56740.85,0.0
2023-12-27,11187.572066936313,3783274.115952789,3.0,11187.572066936313,0.0
2023-12-28,2930.8600000000006,3786204.9759527887,3.0,2930.8600000000006,0.0
2023-12-29,23168.3,3801795.7459527887,2.0,23168.3,0.0
2023-12-30,19951.28,3819013.1059527886,3.0,19951.28,0.0
2023-12-31,37550.16,3866874.715952789,3.0,37550.16,0.0
2024-01-01,-179944.4,3686930.315952789,3.0,0.0,179944.4
2024-01-02,64686.37,3700374.655952789,5.0,64686.37,0.0
2024-01-03,5240.2,3756856.885952789,2.0,5240.2,0.0
2024-01-04,37245.99,3794102.875952789,3.0,37245.99,0.0
2024-01-05,7026.82,3801129.695952789,1.0,7026.82,0.0
2024-01-06,7683.17,3808812.865952789,1.0,7683.17,0.0
2024-01-07,20032.08,3823951.295952789,3.0,20032.08,0.0
2024-01-08,40976.57,3869821.515952788,4.0,40976.57,0.0
2024-01-09,33701.38,3903522.895952788,3.0,33701.38,0.0
2024-01-10,30830.47,3913179.455952788,3.0,30830.47,0.0
2024-01-11,13108.75,3947462.115952788,1.0,13108.75,0.0
2024-01-12,33600.21,3981062.325952788,3.0,33600.21,0.0
2024-01-13,25449.49,4006511.8159527886,2.0,25449.49,0.0
2024-01-14,0.0,4004587.375618511,0.0,0.0,0.0
2024-01-15,-3848.8806685558898,4002662.9352842327,1.0,0.0,3848.8806685558898
2024-01-16,27574.3,4008363.0852842326,4.0,27574.3,0.0
2024-01-17,17092.17,4047329.405284233,3.0,17092.17,0.0
2024-01-18,24375.95,4071705.355284232,2.0,24375.95,0.0
2024-01-19,25101.75,4096807.105284232,3.0,25101.75,0.0
2024-01-20,-42699.676327529145,4054107.428956703,2.0,0.0,42699.676327529145
2024-01-21,9625.85,4056491.498956703,2.0,9625.85,0.0
2024-01-22,10759.71,4074492.9889567024,1.0,10759.71,0.0
2024-01-23,19359.73,4093852.7189567024,2.0,19359.73,0.0
2024-01-24,66421.56999999999,4106961.3489567023,6.0,66421.56999999999,0.0
2024-01-25,24947.51,4185221.798956703,2.0,24947.51,0.0
2024-01-26,15437.87,4200659.668956703,2.0,15437.87,0.0
2024-01-27,21255.93,4221915.598956702,2.0,21255.93,0.0
2024-01-28,-6128.66,4206225.808956703,3.0,0.0,6128.66
2024-01-29,9362.43,4225149.368956703,3.0,9362.43,0.0
2024-01-30,9487.43,4234636.798956703,1.0,9487.43,0.0
2024-01-31,14370.58,4249007.378956704,1.0,14370.58,0.0
2024-02-01,-186050.49,4263134.978956703,4.0,0.0,186050.49
2024-02-02,17198.24,4080155.128956704,3.0,17198.24,0.0
2024-02-03,25130.8,4105285.9289567033,3.0,25130.8,0.0
2024-02-04,52582.84,4127232.628956704,6.0,52582.84,0.0
2024-02-05,44175.93,4196123.478956703,6.0,44175.93,0.0
2024-02-06,30193.46,4209777.578956704,4.0,30193.46,0.0
2024-02-07,23326.27,4255564.428956703,3.0,23326.27,0.0
2024-02-08,20243.11,4275807.538956704,2.0,20243.11,0.0
2024-02-09,8740.14,4284547.678956703,1.0,8740.14,0.0
2024-02-10,14120.48,4298668.158956703,1.0,14120.48,0.0
2024-02-11,15206.18,4305656.848956703,3.0,15206.18,0.0
2024-02-12,31333.35,4345207.688956704,4.0,31333.35,0.0
2024-02-13,8290.65,4353498.338956703,1.0,8290.65,0.0
2024-02-14,6207.04,4359705.378956704,2.0,6207.04,0.0
2024-02-15,15171.83878793998,4355083.907744643,3.0,15171.83878793998,0.0
2024-02-16,14791.44,4389668.657744643,3.0,14791.44,0.0
2024-02-17,3962.94,4393631.597744644,1.0,3962.94,0.0
2024-02-18,1648.68,4395280.277744643,1.0,1648.68,0.0
2024-02-19,15838.65,4411118.927744644,1.0,15838.65,0.0
2024-02-20,24314.870000000003,4435433.797744643,3.0,24314.870000000003,0.0
2024-02-21,30268.090000000004,4465701.887744643,4.0,30268.090000000004,0.0
2024-02-22,11981.49,4477683.377744643,3.0,11981.49,0.0
2024-02-23,7049.7300000000005,4483085.397744643,2.0,7049.7300000000005,0.0
2024-02-24,0.0,4484267.986888913,0.0,0.0,0.0
2024-02-25,717.4682885414113,4485450.576033184,5.0,717.4682885414113,0.0
2024-02-26,38913.71,4493740.966033185,5.0,38913.71,0.0
2024-02-27,7820.64,4532184.926033185,1.0,7820.64,0.0
2024-02-28,26954.4,4559139.326033185,5.0,26954.4,0.0
2024-02-29,32193.9,4569566.526033185,3.0,32193.9,0.0
2024-03-01,-180439.38,4410893.846033185,4.0,0.0,180439.38
2024-03-02,14055.93,4424949.7760331845,2.0,14055.93,0.0
2024-03-03,50803.78,4439926.376033184,5.0,50803.78,0.0
2024-03-04,20749.71,4496503.266033184,4.0,20749.71,0.0
2024-03-05,8311.67,4504814.936033184,2.0,8311.67,0.0
2024-03-06,0.0,4512256.131033184,0.0,0.0,0.0
2024-03-07,40982.76,4519697.326033184,4.0,40982.76,0.0
2024-03-08,56741.07,4602538.766033184,6.0,56741.07,0.0
2024-03-09,16697.7,4619236.466033184,2.0,16697.7,0.0
2024-03-10,1438.92,4620675.386033184,1.0,1438.92,0.0
2024-03-11,0.0,4628553.956033183,0.0,0.0,0.0
2024-03-12,34884.01,4636432.526033184,3.0,34884.01,0.0
2024-03-13,22071.89,4677631.286033184,2.0,22071.89,0.0
2024-03-14,25931.68,4703562.966033184,3.0,25931.68,0.0
2024-03-15,11850.314520921907,4715413.280554106,2.0,11850.314520921907,0.0
2024-03-16,21641.86,4737055.140554107,2.0,21641.86,0.0
2024-03-17,0.0,4744157.695554107,0.0,0.0,0.0
2024-03-18,23683.4,4751260.250554107,2.0,23683.4,0.0
2024-03-19,10786.11,4771524.650554108,1.0,10786.11,0.0
2024-03-20,9355.36,4780880.010554108,2.0,9355.36,0.0
2024-03-21,23223.44,4804103.450554108,3.0,23223.44,0.0
2024-03-22,10886.35,4814989.800554108,1.0,10886.35,0.0
2024-03-23,10726.93,4825716.730554108,2.0,10726.93,0.0
2024-03-24,13843.14,4833081.410554107,2.0,13843.14,0.0
2024-03-25,29686.93,4869246.800554108,3.0,29686.93,0.0
2024-03-26,10599.116480196471,4879845.917034305,2.0,10599.116480196471,0.0
2024-03-27,23022.45,4902868.367034304,2.0,23022.45,0.0
2024-03-28,15472.64,4903720.437034303,5.0,15472.64,0.0
2024-03-29,10426.0,4928767.007034304,2.0,10426.0,0.0
2024-03-30,15120.4,4943887.407034304,2.0,15120.4,0.0
2024-03-31,18874.24,4962761.647034304,2.0,18874.24,0.0
2024-04-01,-179505.03,4783256.617034305,3.0,0.0,179505.03
2024-04-02,11002.54,4794259.157034305,1.0,11002.54,0.0
2024-04-03,7184.59,4801443.747034305,1.0,7184.59,0.0
2024-04-04,23842.39,4825286.137034304,2.0,23842.39,0.0
2024-04-05,16591.14,4841877.277034304,2.0,16591.14,0.0
2024-04-06,18678.18,4860555.457034304,2.0,18678.18,0.0
2024-04-07,15941.75,4876497.207034304,2.0,15941.75,0.0
2024-04-08,0.0,4879505.532034304,0.0,0.0,0.0
2024-04-09,6016.65,4882513.857034304,1.0,6016.65,0.0
2024-04-10,44296.15,4913260.997034304,5.0,44296.15,0.0
2024-04-11,36120.32,4945907.597034304,5.0,36120.32,0.0
2024-04-12,31510.93,4991524.397034304,3.0,31510.93,0.0
2024-04-13,14343.27,5008784.527034304,2.0,14343.27,0.0
2024-04-14,14594.83,5023379.357034304,1.0,14594.83,0.0
2024-04-15,42242.8507576968,5068615.737034303,5.0,42242.8507576968,0.0
2024-04-16,26588.63,5083800.097792,3.0,26588.63,0.0
2024-04-17,36366.02,5128576.857792,3.0,36366.02,0.0
2024-04-18,22996.58,5151573.437792,2.0,22996.58,0.0
2024-04-19,28509.54,5169369.727792,5.0,28509.54,0.0
2024-04-20,14699.847577886609,5194782.825369886,8.0,14699.847577886609,0.0
2024-04-21,18825.04,5206648.355369886,3.0,18825.04,0.0
2024-04-22,14523.13,5228130.995369886,2.0,14523.13,0.0
2024-04-23,30630.6,5258761.595369887,3.0,30630.6,0.0
2024-04-24,24181.8,5282943.395369886,3.0,24181.8,0.0
2024-04-25,32831.81,5297993.385369887,2.0,32831.81,0.0
2024-04-26,33732.2,5349507.405369887,4.0,33732.2,0.0
2024-04-27,0.0,5351243.240369887,0.0,0.0,0.0
2024-04-28,3471.6699999999983,5352979.075369887,3.0,3471.6699999999983,0.0
2024-04-29,1284.29,5354263.365369887,1.0,1284.29,0.0
2024-04-30,22807.1,5363664.225369887,4.0,22807.1,0.0
2024-05-01,-188893.42,5188177.045369888,3.0,0.0,188893.42
2024-05-02,32964.399999999994,5221141.445369888,4.0,32964.399999999994,0.0
2024-05-03,3230.46,5224371.905369888,1.0,3230.46,0.0
2024-05-04,27532.88,5235456.775369888,3.0,27532.88,0.0
2024-05-05,52156.39,5304061.175369888,4.0,52156.39,0.0
2024-05-06,33038.01,5337099.185369887,3.0,33038.01,0.0
2024-05-07,49428.69,5352743.915369888,3.0,49428.69,0.0
2024-05-08,14037.86,5400565.735369888,2.0,14037.86,0.0
2024-05-09,12241.15,5412806.8853698885,2.0,12241.15,0.0
2024-05-10,31988.49,5444795.375369888,2.0,31988.49,0.0
2024-05-11,20142.07,5453290.515369887,2.0,20142.07,0.0
2024-05-12,15797.26,5480734.705369887,1.0,15797.26,0.0
2024-05-13,10195.759999999998,5486599.775369887,2.0,10195.759999999998,0.0
2024-05-14,16699.48,5507629.945369888,1.0,16699.48,0.0
2024-05-15,28994.91529659039,5536624.860666478,7.0,28994.91529659039,0.0
2024-05-16,0.0,5541197.725666478,0.0,0.0,0.0
2024-05-17,9145.73,5545770.590666479,1.0,9145.73,0.0
2024-05-18,59490.85,5576618.630666479,5.0,59490.85,0.0
2024-05-19,25452.87,5630714.310666478,4.0,25452.87,0.0
2024-05-20,4229.05,5633165.090666479,2.0,4229.05,0.0
2024-05-21,8681.03,5638019.680666478,3.0,8681.03,0.0
2024-05-22,23400.23,5667024.620666478,3.0,23400.23,0.0
2024-05-23,0.0,5679407.250666478,0.0,0.0,0.0
2024-05-24,24765.26,5691789.880666478,4.0,24765.26,0.0
2024-05-25,16151.923774771516,5694238.910666478,5.0,16151.923774771516,0.0
2024-05-26,31717.340000000004,5739659.144441249,2.0,31717.340000000004,0.0
2024-05-27,0.0,5739217.959441248,0.0,0.0,0.0
2024-05-28,-882.3700000000008,5738776.774441249,4.0,0.0,882.3700000000008
2024-05-29,6336.73,5745113.504441249,1.0,6336.73,0.0
2024-05-30,0.0,5758913.6144412495,0.0,0.0,0.0
2024-05-31,45238.9,5772713.724441249,4.0,45238.9,0.0
2024-06-01,4232.95,5794585.354441249,1.0,4232.95,0.0
2024-06-02,17231.79,5811817.144441249,2.0,17231.79,0.0
2024-06-03,-180009.1,5631808.044441248,4.0,0.0,180009.1
2024-06-04,7448.93,5639256.974441248,1.0,7448.93,0.0
2024-06-05,15673.84,5654930.814441248,1.0,15673.84,0.0
2024-06-06,14425.75,5669356.564441248,2.0,14425.75,0.0
2024-06-07,11408.96,5680765.524441249,2.0,11408.96,0.0
2024-06-08,15868.580000000002,5696634.104441249,3.0,15868.580000000002,0.0
2024-06-09,6760.48,5703394.584441249,1.0,6760.48,0.0
2024-06-10,8394.19,5711788.77444125,1.0,8394.19,0.0
2024-06-11,55319.46,5738553.86444125,6.0,55319.46,0.0
2024-06-12,0.0,5767265.07444125,0.0,0.0,0.0
2024-06-13,28868.050000000003,5795976.28444125,5.0,28868.050000000003,0.0
2024-06-14,48477.17,5821142.60444125,6.0,48477.17,0.0
2024-06-15,41541.63003457793,5885995.084475827,6.0,41541.63003457793,0.0
2024-06-16,15051.75,5887456.744475828,3.0,15051.75,0.0
2024-06-17,8612.02,5909658.854475827,1.0,8612.02,0.0
2024-06-18,29924.28,5939583.134475826,4.0,29924.28,0.0
2024-06-19,12608.41,5952191.544475826,1.0,12608.41,0.0
2024-06-20,27651.34,5959044.044475826,3.0,27651.34,0.0
2024-06-21,8877.27,5988720.154475827,2.0,8877.27,0.0
2024-06-22,27568.31,6016288.464475827,3.0,27568.31,0.0
2024-06-23,17565.0,6033853.464475827,2.0,17565.0,0.0
2024-06-24,-28982.412643696152,6004871.051832131,3.0,0.0,28982.412643696152
2024-06-25,0.0,6012675.446832132,0.0,0.0,0.0
2024-06-26,30329.160000000003,6020479.841832131,2.0,30329.160000000003,0.0
2024-06-27,41643.1,6076843.311832132,4.0,41643.1,0.0
2024-06-28,1578.8100000000013,6078422.121832131,3.0,1578.8100000000013,0.0
2024-06-29,17096.08,6086924.681832131,3.0,17096.08,0.0
2024-06-30,621.08,6096139.281832131,1.0,621.08,0.0
2024-07-01,-197238.75,5898900.531832131,3.0,0.0,197238.75
2024-07-02,15973.33,5914873.861832131,1.0,15973.33,0.0
2024-07-03,25267.19,5930667.33183213,4.0,25267.19,0.0
2024-07-04,18763.7,5951265.33183213,3.0,18763.7,0.0
2024-07-05,12448.32,5971353.071832131,2.0,12448.32,0.0
2024-07-06,8202.13,5979555.201832131,1.0,8202.13,0.0
2024-07-07,23487.37,6003042.57183213,3.0,23487.37,0.0
2024-07-08,16761.239999999998,6004558.51183213,2.0,16761.239999999998,0.0
2024-07-09,18287.65,6027493.82183213,3.0,18287.65,0.0
2024-07-10,23022.14,6061113.601832129,3.0,23022.14,0.0
2024-07-11,15416.81,6076530.41183213,2.0,15416.81,0.0
2024-07-12,19339.85,6095870.26183213,2.0,19339.85,0.0
2024-07-13,6386.360000000001,6102256.62183213,2.0,6386.360000000001,0.0
2024-07-14,0.0,6108964.16287246,0.0,0.0,0.0
2024-07-15,32342.272080658466,6115671.703912789,5.0,32342.272080658466,0.0
2024-07-16,17408.39,6152007.283912788,1.0,17408.39,0.0
2024-07-17,21433.3,6173440.583912788,3.0,21433.3,0.0
2024-07-18,16886.2,6190326.783912788,3.0,16886.2,0.0
2024-07-19,7160.07,6197486.853912788,1.0,7160.07,0.0
2024-07-20,-38551.96222968055,6158934.891683108,2.0,0.0,38551.96222968055
2024-07-21,26087.38,6179714.011683108,3.0,26087.38,0.0
2024-07-22,22485.45,6207507.721683108,2.0,22485.45,0.0
2024-07-23,2564.9,6210072.621683109,1.0,2564.9,0.0
2024-07-24,31763.0,6241835.621683109,4.0,31763.0,0.0
2024-07-25,9603.19,6251438.811683109,1.0,9603.19,0.0
2024-07-26,12247.03,6257075.711683109,2.0,12247.03,0.0
2024-07-27,0.0,6257623.15668311,0.0,0.0,0.0
2024-07-28,-5515.24,6258170.601683109,4.0,0.0,5515.24
2024-07-29,12747.39,6270917.991683109,2.0,12747.39,0.0
2024-07-30,61367.71,6304446.091683108,4.0,61367.71,0.0
2024-07-31,20317.94,6352603.641683108,3.0,20317.94,0.0
2024-08-01,-202576.57,6150027.071683108,2.0,0.0,202576.57
2024-08-02,18057.83,6168084.901683108,1.0,18057.83,0.0
2024-08-03,6573.4,6174658.301683108,1.0,6573.4,0.0
2024-08-04,0.0,6175604.896683108,0.0,0.0,0.0
2024-08-05,1893.19,6176551.491683109,1.0,1893.19,0.0
2024-08-06,0.0,6178648.856683109,0.0,0.0,0.0
2024-08-07,4194.73,6180746.221683109,1.0,4194.73,0.0
2024-08-08,0.0,6190285.956683109,0.0,0.0,0.0
2024-08-09,26524.840000000004,6199825.691683109,3.0,26524.840000000004,0.0
2024-08-10,16085.27,6223356.331683109,1.0,16085.27,0.0
2024-08-11,0.0,6231961.536683109,0.0,0.0,0.0
2024-08-12,17210.41,6240566.741683109,2.0,17210.41,0.0
2024-08-13,0.0,6252140.011683108,0.0,0.0,0.0
2024-08-14,23146.54,6263713.281683109,3.0,23146.54,0.0
2024-08-15,10329.168323925736,6259285.900007035,2.0,10329.168323925736,0.0
2024-08-16,0.0,6282635.995007034,0.0,0.0,0.0
2024-08-17,31943.64,6305986.090007035,2.0,31943.64,0.0
2024-08-18,10585.07,6316571.160007035,1.0,10585.07,0.0
2024-08-19,6350.5,6322921.660007035,1.0,6350.5,0.0
2024-08-20,10632.64,6333554.300007035,1.0,10632.64,0.0
2024-08-21,11372.22,6344926.520007035,2.0,11372.22,0.0
2024-08-22,58294.93,6362913.900007035,5.0,58294.93,0.0
2024-08-23,-4896.483195443994,6398324.966811591,2.0,0.0,4896.483195443994
2024-08-24,17721.05,6416046.016811591,1.0,17721.05,0.0
2024-08-25,2534.05,6418580.06681159,1.0,2534.05,0.0
2024-08-26,8495.93,6427075.99681159,2.0,8495.93,0.0
2024-08-27,49438.96,6455019.396811591,5.0,49438.96,0.0
2024-08-28,-11784.79,6464730.16681159,2.0,0.0,11784.79
2024-08-29,6842.57,6471572.73681159,1.0,6842.57,0.0
2024-08-30,15009.23,6486581.96681159,4.0,15009.23,0.0
2024-08-31,7349.66,6492142.69681159,2.0,7349.66,0.0
2024-09-01,18011.23,6505580.46681159,2.0,18011.23,0.0
2024-09-02,-184701.1,6327241.756811589,5.0,0.0,184701.1
2024-09-03,32762.13,6360003.886811589,3.0,32762.13,0.0
2024-09-04,16446.74,6376450.626811589,1.0,16446.74,0.0
2024-09-05,0.0,6385094.611811589,0.0,0.0,0.0
2024-09-06,17287.97,6393738.596811589,1.0,17287.97,0.0
2024-09-07,14595.15,6408333.746811589,2.0,14595.15,0.0
2024-09-08,21402.27,6429736.016811589,3.0,21402.27,0.0
2024-09-09,0.0,6440102.636811589,0.0,0.0,0.0
2024-09-10,20733.24,6450469.256811589,2.0,20733.24,0.0
2024-09-11,19464.23,6469933.4868115885,2.0,19464.23,0.0
2024-09-12,31888.73,6484768.676811589,3.0,31888.73,0.0
2024-09-13,12200.69,6514022.906811589,2.0,12200.69,0.0
2024-09-14,17619.9,6531642.80681159,3.0,17619.9,0.0
2024-09-15,14607.881298320724,6546250.68810991,2.0,14607.881298320724,0.0
2024-09-16,8107.52,6554358.20810991,1.0,8107.52,0.0
2024-09-17,2058.09,6556416.2981099095,1.0,2058.09,0.0
2024-09-18,0.0,6561521.66810991,0.0,0.0,0.0
2024-09-19,10210.74,6566627.03810991,1.0,10210.74,0.0
2024-09-20,38940.45,6605567.488109909,5.0,38940.45,0.0
2024-09-21,10434.36,6616001.848109909,1.0,10434.36,0.0
2024-09-22,29834.989319229924,6625467.497429139,4.0,29834.989319229924,0.0
2024-09-23,29089.7,6661856.087429139,3.0,29089.7,0.0
2024-09-24,7098.34,6682024.877429139,1.0,7098.34,0.0
2024-09-25,9018.23,6691043.107429139,1.0,9018.23,0.0
2024-09-26,23003.69,6714046.797429139,4.0,23003.69,0.0
2024-09-27,18250.89,6732297.687429138,2.0,18250.89,0.0
2024-09-28,-2525.84,6739918.757429138,4.0,0.0,2525.84
2024-09-29,12663.84,6742435.6874291375,1.0,12663.84,0.0
2024-09-30,7863.79,6750299.477429138,1.0,7863.79,0.0
2024-10-01,-175835.37,6574464.107429137,4.0,0.0,175835.37
2024-10-02,37009.89,6582337.507429138,3.0,37009.89,0.0
2024-10-03,6077.38,6617551.377429137,1.0,6077.38,0.0
2024-10-04,9642.0,6627193.377429137,1.0,9642.0,0.0
2024-10-05,7561.9,6634755.277429137,1.0,7561.9,0.0
2024-10-06,2684.3,6637439.577429137,1.0,2684.3,0.0
2024-10-07,40916.41,6678355.987429138,5.0,40916.41,0.0
2024-10-08,16605.1,6694961.087429138,2.0,16605.1,0.0
2024-10-09,18873.69,6713834.777429137,2.0,18873.69,0.0
2024-10-10,0.0,6717325.227429138,0.0,0.0,0.0
2024-10-11,10002.12,6720815.677429138,2.0,10002.12,0.0
2024-10-12,41212.65,6765049.547429138,4.0,41212.65,0.0
2024-10-13,9187.81,6774237.357429137,1.0,9187.81,0.0
2024-10-14,22893.39,6797130.747429138,3.0,22893.39,0.0
2024-10-15,23816.709681824457,6820947.457110961,4.0,23816.709681824457,0.0
2024-10-16,26859.49,6832534.777110961,3.0,26859.49,0.0
2024-10-17,30222.61,6878029.557110962,3.0,30222.61,0.0
2024-10-18,24583.69,6902613.247110963,2.0,24583.69,0.0
2024-10-19,64081.8,6945999.417110962,7.0,64081.8,0.0
2024-10-20,-21523.611846039843,6945171.435264923,3.0,0.0,21523.611846039843
2024-10-21,11767.81,6956939.245264922,1.0,11767.81,0.0
2024-10-22,20425.24,6977364.485264922,2.0,20425.24,0.0
2024-10-23,15930.04,6993294.525264922,1.0,15930.04,0.0
2024-10-24,0.0,7005090.680264922,0.0,0.0,0.0
2024-10-25,30448.3,7016886.835264921,5.0,30448.3,0.0
2024-10-26,20294.4,7044037.225264922,3.0,20294.4,0.0
2024-10-27,26218.96,7070256.185264922,3.0,26218.96,0.0
2024-10-28,-3881.2000000000007,7051536.185264922,2.0,0.0,3881.2000000000007
2024-10-29,36383.07,7094384.875264921,3.0,36383.07,0.0
2024-10-30,0.0,7117416.87526492,0.0,0.0,0.0
2024-10-31,37690.82,7140448.87526492,5.0,37690.82,0.0
2024-11-01,-196996.13,6943452.74526492,2.0,0.0,196996.13
2024-11-02,28876.09,6948654.55526492,3.0,28876.09,0.0
2024-11-03,41647.45,7013976.28526492,5.0,41647.45,0.0
2024-11-04,24931.33,7038907.6152649205,3.0,24931.33,0.0
2024-11-05,0.0,7040210.05526492,0.0,0.0,0.0
2024-11-06,3937.19,7041512.49526492,2.0,3937.19,0.0
2024-11-07,57782.19,7100626.99526492,6.0,57782.19,0.0
2024-11-08,17594.23,7105220.39526492,2.0,17594.23,0.0
2024-11-09,15784.67,7134005.89526492,1.0,15784.67,0.0
2024-11-10,36518.14,7170524.03526492,4.0,36518.14,0.0
2024-11-11,40231.92,7210755.9552649185,4.0,40231.92,0.0
2024-11-12,6998.5,7214656.9152649185,2.0,6998.5,0.0
2024-11-13,10914.59,7223779.425264918,4.0,10914.59,0.0
2024-11-14,17907.329999999998,7246576.375264918,2.0,17907.329999999998,0.0
2024-11-15,-2257.130280314852,7244319.2449846035,1.0,0.0,2257.130280314852
2024-11-16,26059.59,7270378.834984603,2.0,26059.59,0.0
2024-11-17,20392.14,7290770.974984603,2.0,20392.14,0.0
2024-11-18,13136.98,7297395.304984603,2.0,13136.98,0.0
2024-11-19,26199.95,7330107.904984604,2.0,26199.95,0.0
2024-11-20,23446.38,7353554.2849846035,4.0,23446.38,0.0
2024-11-21,66402.02322275158,7396055.468207356,8.0,66402.02322275158,0.0
2024-11-22,26872.46,7446828.768207355,3.0,26872.46,0.0
2024-11-23,22951.33,7469780.098207355,3.0,22951.33,0.0
2024-11-24,56154.92,7497260.058207354,4.0,56154.92,0.0
2024-11-25,1693.13,7527628.148207354,1.0,1693.13,0.0
2024-11-26,5843.14,7533471.288207354,1.0,5843.14,0.0
2024-11-27,50144.11,7583615.398207353,5.0,50144.11,0.0
2024-11-28,-18720.0,7564895.398207353,1.0,0.0,18720.0
2024-11-29,35484.06,7587465.218207354,5.0,35484.06,0.0
2024-11-30,14681.15,7615060.608207353,2.0,14681.15,0.0
2024-12-01,11805.87,7626866.4782073535,3.0,11805.87,0.0
2024-12-02,-169992.49,7446767.028207353,6.0,0.0,169992.49
2024-12-03,24722.91,7481596.898207353,3.0,24722.91,0.0
2024-12-04,19279.44,7500876.338207354,3.0,19279.44,0.0
2024-12-05,49081.23,7510194.968207354,5.0,49081.23,0.0
2024-12-06,19659.66,7569617.2282073535,3.0,19659.66,0.0
2024-12-07,26143.4,7595760.628207353,2.0,26143.4,0.0
2024-12-08,6876.79,7602637.418207353,1.0,6876.79,0.0
2024-12-09,14970.149999999998,7617607.568207353,2.0,14970.149999999998,0.0
2024-12-10,32218.03,7635892.768207354,4.0,32218.03,0.0
2024-12-11,31676.39,7681501.988207354,4.0,31676.39,0.0
2024-12-12,12040.03,7684710.548207354,2.0,12040.03,0.0
2024-12-13,12522.78,7699964.788207353,2.0,12522.78,0.0
2024-12-14,14574.13,7720638.928207353,2.0,14574.13,0.0
2024-12-15,30231.292399981725,7750870.220607335,4.0,30231.292399981725,0.0
2024-12-16,14032.01,7764902.2306073345,3.0,14032.01,0.0
2024-12-17,28397.61,7776668.350607335,3.0,28397.61,0.0
2024-12-18,34580.759999999995,7827880.600607336,3.0,34580.759999999995,0.0
2024-12-19,18813.03,7846693.630607336,2.0,18813.03,0.0
2024-12-20,23535.34,7870228.970607337,2.0,23535.34,0.0
2024-12-21,-3284.847947146612,7866944.12266019,1.0,0.0,3284.847947146612
2024-12-22,0.0,7871606.597660189,0.0,0.0,0.0
2024-12-23,17598.1,7876269.07266019,3.0,17598.1,0.0
2024-12-24,45842.23,7930384.452660191,4.0,45842.23,0.0
2024-12-25,9730.97,7940115.422660191,2.0,9730.97,0.0
2024-12-26,10123.05,7950238.47266019,2.0,10123.05,0.0
2024-12-27,11938.99,7962177.462660191,1.0,11938.99,0.0
2024-12-28,5864.66,7975361.89266019,3.0,5864.66,0.0
2024-12-29,26676.08,7994718.202660191,3.0,26676.08,0.0
2024-12-30,23533.44,8018251.64266019,3.0,23533.44,0.0
2024-12-31,27781.5,8046033.14266019,2.0,27781.5,0.0
2025-01-01,-159713.0,8076781.33266019,5.0,0.0,159713.0
2025-01-02,17094.92,7903415.062660189,4.0,17094.92,0.0
2025-01-03,35194.27,7938609.33266019,5.0,35194.27,0.0
2025-01-04,37161.72,7961502.762660189,5.0,37161.72,0.0
2025-01-05,27073.26,8002844.312660189,3.0,27073.26,0.0
2025-01-06,0.0,8005689.567660189,0.0,0.0,0.0
2025-01-07,5690.51,8008534.822660189,1.0,5690.51,0.0
2025-01-08,76309.8,8046403.652660189,6.0,76309.8,0.0
2025-01-09,24267.65,8109112.272660188,3.0,24267.65,0.0
2025-01-10,8145.89,8117258.162660188,1.0,8145.89,0.0
2025-01-11,49406.73,8133026.902660188,6.0,49406.73,0.0
2025-01-12,16489.33,8183154.222660189,3.0,16489.33,0.0
2025-01-13,17559.48,8200713.702660189,1.0,17559.48,0.0
2025-01-14,20508.32,8203238.172660189,2.0,20508.32,0.0
2025-01-15,24008.687523505974,8245230.710183694,4.0,24008.687523505974,0.0
2025-01-16,0.0,8251148.805183694,0.0,0.0,0.0
2025-01-17,11836.19,8257066.900183693,2.0,11836.19,0.0
2025-01-18,15394.35,8272461.250183693,2.0,15394.35,0.0
2025-01-19,34924.34,8279876.860183693,3.0,34924.34,0.0
2025-01-20,-35053.280811133096,8272332.30937256,3.0,0.0,35053.280811133096
2025-01-21,34190.74,8306523.04937256,4.0,34190.74,0.0
2025-01-22,31619.52,8330428.63937256,3.0,31619.52,0.0
2025-01-23,26110.59,8347945.169372559,2.0,26110.59,0.0
2025-01-24,29684.18,8393937.33937256,4.0,29684.18,0.0
2025-01-25,68147.81,8426722.819372559,7.0,68147.81,0.0
2025-01-26,23586.41,8485671.55937256,2.0,23586.41,0.0
2025-01-27,1845.05,8487516.60937256,1.0,1845.05,0.0
2025-01-28,21996.65,8509513.25937256,5.0,21996.65,0.0
2025-01-29,45315.97,8524342.58937256,4.0,45315.97,0.0
2025-01-30,33089.64,8587918.869372562,3.0,33089.64,0.0
2025-01-31,1672.35,8589591.21937256,1.0,1672.35,0.0
2025-02-01,14689.14,8604280.35937256,1.0,14689.14,0.0
2025-02-02,17644.98,8621925.33937256,1.0,17644.98,0.0
2025-02-03,-205920.0,8416005.33937256,1.0,0.0,205920.0
2025-02-04,0.0,8418331.05437256,0.0,0.0,0.0
2025-02-05,19220.050000000003,8420656.76937256,3.0,19220.050000000003,0.0
2025-02-06,24207.82,8459433.209372561,2.0,24207.82,0.0
2025-02-07,26533.72,8485966.92937256,3.0,26533.72,0.0
2025-02-08,15262.33,8501229.25937256,1.0,15262.33,0.0
2025-02-09,16169.740000000002,8517398.99937256,2.0,16169.740000000002,0.0
2025-02-10,31769.1,8529779.21937256,3.0,31769.1,0.0
2025-02-11,1964.79,8551132.889372561,1.0,1964.79,0.0
2025-02-12,14605.99,8565738.87937256,2.0,14605.99,0.0
2025-02-13,2225.16,8567964.03937256,1.0,2225.16,0.0
2025-02-14,22537.15,8590501.18937256,2.0,22537.15,0.0
2025-02-15,9748.137122252874,8600249.326494813,2.0,9748.137122252874,0.0
2025-02-16,0.0,8606226.939828146,0.0,0.0,0.0
2025-02-17,0.0,8612204.55316148,0.0,0.0,0.0
2025-02-18,39332.92,8618182.166494813,4.0,39332.92,0.0
2025-02-19,21382.725145533397,8660964.971640345,5.0,21382.725145533397,0.0
2025-02-20,1689.81,8662654.781640343,1.0,1689.81,0.0
2025-02-21,32509.26,8686844.791640345,3.0,32509.26,0.0
2025-02-22,28812.37,8723976.411640344,3.0,28812.37,0.0
2025-02-23,8020.02,8731996.431640344,1.0,8020.02,0.0
2025-02-24,0.0,8753918.331640344,0.0,0.0,0.0
2025-02-25,43843.8,8775840.231640344,4.0,43843.8,0.0
2025-02-26,1461.22,8777301.451640345,1.0,1461.22,0.0
2025-02-27,17048.8,8794350.251640344,1.0,17048.8,0.0
2025-02-28,11557.64,8805907.891640345,6.0,11557.64,0.0
2025-03-01,13965.38,8819873.271640345,2.0,13965.38,0.0
2025-03-02,44656.35,8841146.241640346,5.0,44656.35,0.0
2025-03-03,-194452.33,8670077.291640345,2.0,0.0,194452.33
2025-03-04,0.0,8674753.148307012,0.0,0.0,0.0
2025-03-05,0.0,8679429.004973678,0.0,0.0,0.0
2025-03-06,14027.57,8684104.861640345,3.0,14027.57,0.0
2025-03-07,36587.45,8699264.151640344,3.0,36587.45,0.0
2025-03-08,29380.47,8750072.781640345,4.0,29380.47,0.0
2025-03-09,15763.74,8765836.521640345,2.0,15763.74,0.0
2025-03-10,14506.17,8780342.691640347,2.0,14506.17,0.0
2025-03-11,36008.89,8789341.741640348,5.0,36008.89,0.0
2025-03-12,38331.06,8854682.641640348,4.0,38331.06,0.0
2025-03-13,10548.94,8865231.58164035,2.0,10548.94,0.0
2025-03-14,20811.02,8886042.60164035,3.0,20811.02,0.0
2025-03-15,21350.01633149145,8893938.75797184,6.0,21350.01633149145,0.0
2025-03-16,17836.89,8925229.50797184,2.0,17836.89,0.0
2025-03-17,21860.28,8934679.55797184,2.0,21860.28,0.0
2025-03-18,36765.04,8967520.997971842,4.0,36765.04,0.0
2025-03-19,12435.22,8996290.047971843,2.0,12435.22,0.0
2025-03-20,12503.89,9008793.937971843,1.0,12503.89,0.0
2025-03-21,8741.957197501502,9017535.895169344,2.0,8741.957197501502,0.0
2025-03-22,43168.86,9060704.755169343,4.0,43168.86,0.0
2025-03-23,52674.33,9084123.185169345,6.0,52674.33,0.0
2025-03-24,58908.84,9121887.135169346,7.0,58908.84,0.0
2025-03-25,7045.86,9179333.785169344,1.0,7045.86,0.0
2025-03-26,35979.65,9215313.435169345,4.0,35979.65,0.0
2025-03-27,35056.06,9225522.375169344,5.0,35056.06,0.0
2025-03-28,543.1100000000006,9250912.605169345,3.0,543.1100000000006,0.0
2025-03-29,25019.160000000003,9275931.765169345,2.0,25019.160000000003,0.0
2025-03-30,30335.09,9306266.855169345,2.0,30335.09,0.0
2025-03-31,36463.03,9328896.535169344,4.0,36463.03,0.0
2025-04-01,-183462.32,9159267.565169344,3.0,0.0,183462.32
2025-04-02,40722.2,9199989.765169345,3.0,40722.2,0.0
2025-04-03,20481.0,9220470.765169345,3.0,20481.0,0.0
2025-04-04,37118.87,9257589.635169342,4.0,37118.87,0.0
2025-04-05,32873.19,9290462.825169342,2.0,32873.19,0.0
2025-04-06,0.0,9295125.155169342,0.0,0.0,0.0
2025-04-07,29153.84,9299787.485169342,5.0,29153.84,0.0
2025-04-08,39641.32,9359257.985169344,4.0,39641.32,0.0
2025-04-09,46618.83,9405876.815169344,4.0,46618.83,0.0
2025-04-10,44313.02,9427937.745169343,6.0,44313.02,0.0
2025-04-11,9486.23,9459676.065169346,1.0,9486.23,0.0
2025-04-12,0.0,9469025.860169344,0.0,0.0,0.0
2025-04-13,18699.59,9478375.655169344,3.0,18699.59,0.0
2025-04-14,15975.98,9492005.505169343,3.0,15975.98,0.0
2025-04-15,34326.86858515667,9528678.503754502,5.0,34326.86858515667,0.0
2025-04-16,14181.44,9542859.943754502,2.0,14181.44,0.0
2025-04-17,1976.19,9544836.1337545,1.0,1976.19,0.0
2025-04-18,15308.22,9560144.3537545,3.0,15308.22,0.0
2025-04-19,14907.99,9575052.3437545,2.0,14907.99,0.0
2025-04-20,-30297.57727251608,9544754.766481984,3.0,0.0,30297.57727251608
2025-04-21,14898.4,9559653.16648198,3.0,14898.4,0.0
2025-04-22,42017.27,9583281.24648198,4.0,42017.27,0.0
2025-04-23,9046.28,9610716.71648198,2.0,9046.28,0.0
2025-04-24,16812.1,9627528.81648198,2.0,16812.1,0.0
2025-04-25,24682.98,9652211.796481982,2.0,24682.98,0.0
2025-04-26,35164.65,9659554.126481982,3.0,35164.65,0.0
2025-04-27,29913.410000000003,9717289.85648198,3.0,29913.410000000003,0.0
2025-04-28,5291.160000000003,9722581.01648198,4.0,5291.160000000003,0.0
2025-04-29,3332.6,9725913.61648198,1.0,3332.6,0.0
2025-04-30,18986.01,9734312.33648198,2.0,18986.01,0.0
2025-05-01,-205920.0,9538979.62648198,1.0,0.0,205920.0
2025-05-02,0.0,9545652.49648198,0.0,0.0,0.0
2025-05-03,13345.74,9552325.36648198,3.0,13345.74,0.0
2025-05-04,9048.56,9561373.92648198,2.0,9048.56,0.0
2025-05-05,25676.67,9579992.83648198,3.0,25676.67,0.0
2025-05-06,13114.35,9594368.90648198,2.0,13114.35,0.0
2025-05-07,2563.71,9602728.65648198,1.0,2563.71,0.0
2025-05-08,23987.45,9626716.106481982,2.0,23987.45,0.0
2025-05-09,16429.16,9643145.266481984,2.0,16429.16,0.0
2025-05-10,8733.8,9651879.066481983,1.0,8733.8,0.0
2025-05-11,16100.13,9667979.196481984,1.0,16100.13,0.0
2025-05-12,28774.63,9674820.236481983,5.0,28774.63,0.0
2025-05-13,0.0,9702033.471481984,0.0,0.0,0.0
2025-05-14,32492.88,9729246.706481982,3.0,32492.88,0.0
2025-05-15,18511.82691822492,9747758.533400206,4.0,18511.82691822492,0.0
2025-05-16,24440.54,9756658.153400203,2.0,24440.54,0.0
2025-05-17,32171.9,9804370.973400204,4.0,32171.9,0.0
2025-05-18,24854.16,9829225.133400207,3.0,24854.16,0.0
2025-05-19,12660.49,9841885.623400208,2.0,12660.49,0.0
2025-05-20,-3286.256733061788,9844864.543400208,3.0,0.0,3286.256733061788
2025-05-21,4582.69,9843182.056667143,1.0,4582.69,0.0
2025-05-22,44411.07,9879304.886667144,7.0,44411.07,0.0
2025-05-23,6075.929999999999,9893669.056667143,2.0,6075.929999999999,0.0
2025-05-24,44394.54,9938063.596667144,4.0,44394.54,0.0
2025-05-25,16412.72,9947142.876667144,2.0,16412.72,0.0
2025-05-26,36388.55,9968714.766667144,3.0,36388.55,0.0
2025-05-27,38365.53,10008075.716667142,3.0,38365.53,0.0
2025-05-28,951.0400000000012,10030181.436667142,5.0,951.0400000000012,0.0
2025-05-29,31158.83,10061340.266667144,2.0,31158.83,0.0
2025-05-30,0.0,10065855.521667143,0.0,0.0,0.0
2025-05-31,9030.51,10070370.776667142,1.0,9030.51,0.0
2025-06-01,78256.59,10112213.556667142,8.0,78256.59,0.0
2025-06-02,-173410.28,10171271.856667142,5.0,0.0,173410.28
2025-06-03,47218.72,10022435.806667143,5.0,47218.72,0.0
2025-06-04,6734.63,10029170.436667144,1.0,6734.63,0.0
2025-06-05,36574.82,10051136.196667144,4.0,36574.82,0.0
2025-06-06,2967.52,10068712.776667144,1.0,2967.52,0.0
2025-06-07,53885.490000000005,10122598.266667144,6.0,53885.490000000005,0.0
2025-06-08,12749.080000000002,10135347.346667144,2.0,12749.080000000002,0.0
2025-06-09,36841.29,10147835.90666714,5.0,36841.29,0.0
2025-06-10,31915.34,10204103.976667142,4.0,31915.34,0.0
2025-06-11,31792.68,10235896.65666714,4.0,31792.68,0.0
2025-06-12,0.0,10243923.95666714,0.0,0.0,0.0
2025-06-13,29848.53,10251951.25666714,2.0,29848.53,0.0
2025-06-14,7552.11,10273297.29666714,2.0,7552.11,0.0
2025-06-15,3076.3178675870704,10276373.614534728,2.0,3076.3178675870704,0.0
2025-06-16,21766.69,10298140.30453473,2.0,21766.69,0.0
2025-06-17,10349.24,10308489.54453473,1.0,10349.24,0.0
2025-06-18,17787.93,10317570.32453473,2.0,17787.93,0.0
2025-06-19,36201.16169709557,10362478.636231825,6.0,36201.16169709557,0.0
2025-06-20,14081.13,10376559.766231826,1.0,14081.13,0.0
2025-06-21,27730.6,10404290.366231823,3.0,27730.6,0.0
2025-06-22,10075.11,10414365.476231826,3.0,10075.11,0.0
2025-06-23,16940.59,10431306.066231826,1.0,16940.59,0.0
2025-06-24,14318.98,10435288.156231826,3.0,14318.98,0.0
2025-06-25,60342.83,10505967.876231823,5.0,60342.83,0.0
2025-06-26,5394.85,10510443.136231825,2.0,5394.85,0.0
2025-06-27,11200.02,10522562.746231824,2.0,11200.02,0.0
2025-06-28,-11874.83,10510687.916231824,2.0,0.0,11874.83
2025-06-29,14576.91,10525264.826231824,1.0,14576.91,0.0
2025-06-30,31280.38,10556545.206231823,3.0,31280.38,0.0
2025-07-01,-164189.83,10584463.846231822,6.0,0.0,164189.83
2025-07-02,2102.29,10394457.66623182,1.0,2102.29,0.0
2025-07-03,48591.26,10443048.92623182,4.0,48591.26,0.0
2025-07-04,44240.54,10457956.60623182,4.0,44240.54,0.0
2025-07-05,6213.69,10493503.15623182,1.0,6213.69,0.0
2025-07-06,4881.88,10498385.03623182,1.0,4881.88,0.0
2025-07-07,14922.32,10513307.356231822,1.0,14922.32,0.0
2025-07-08,6159.48,10519466.836231822,1.0,6159.48,0.0
2025-07-09,25491.98,10532245.986231824,6.0,25491.98,0.0
2025-07-10,30693.63,10575652.446231822,5.0,30693.63,0.0
2025-07-11,23458.83,10586203.316231824,3.0,23458.83,0.0
2025-07-12,18025.01,10605400.796231825,3.0,18025.01,0.0
2025-07-13,8577.98,10625714.266231824,1.0,8577.98,0.0
2025-07-14,2083.34,10627797.606231824,1.0,2083.34,0.0
2025-07-15,33866.272287245345,10661663.878519068,4.0,33866.272287245345,0.0
2025-07-16,17525.16,10679189.038519068,1.0,17525.16,0.0
2025-07-17,2245.82,10681434.858519068,1.0,2245.82,0.0
2025-07-18,6712.83,10683180.418519069,3.0,6712.83,0.0
2025-07-19,6549.27,10694696.958519068,1.0,6549.27,0.0
2025-07-20,-23011.44890086053,10671685.509618208,4.0,0.0,23011.44890086053
2025-07-21,12225.72,10683911.229618208,2.0,12225.72,0.0
2025-07-22,14398.88,10698310.10961821,2.0,14398.88,0.0
2025-07-23,19516.17,10707294.15961821,2.0,19516.17,0.0
2025-07-24,21626.07,10739452.34961821,2.0,21626.07,0.0
2025-07-25,20323.9,10759776.24961821,3.0,20323.9,0.0
2025-07-26,16643.46,10776419.709618209,3.0,16643.46,0.0
2025-07-27,10283.6,10786703.309618209,1.0,10283.6,0.0
2025-07-28,25028.28,10786883.93961821,5.0,25028.28,0.0
2025-07-29,0.0,10808438.04961821,0.0,0.0,0.0
2025-07-30,18260.57,10829992.15961821,3.0,18260.57,0.0
2025-07-31,10115.29,10840107.44961821,2.0,10115.29,0.0
2025-08-01,-196368.56,10634187.44961821,2.0,0.0,196368.56
2025-08-02,12321.24,10656060.129618209,1.0,12321.24,0.0
2025-08-03,23455.22,10679515.349618208,2.0,23455.22,0.0
2025-08-04,9240.55,10688755.899618208,2.0,9240.55,0.0
2025-08-05,5773.1,10694528.999618208,1.0,5773.1,0.0
2025-08-06,16138.37,10710667.369618207,1.0,16138.37,0.0
2025-08-07,0.0,10716979.779618207,0.0,0.0,0.0
2025-08-08,12624.82,10723292.189618208,1.0,12624.82,0.0
2025-08-09,29898.51,10753190.699618207,2.0,29898.51,0.0
2025-08-10,28913.4,10765139.959618209,4.0,28913.4,0.0
2025-08-11,22540.73,10804644.829618206,2.0,22540.73,0.0
2025-08-12,11398.17,10816042.999618206,1.0,11398.17,0.0
2025-08-13,14895.71,10830938.709618203,2.0,14895.71,0.0
2025-08-14,36184.79,10849383.949618204,4.0,36184.79,0.0
2025-08-15,31930.900567488323,10899054.400185697,6.0,31930.900567488323,0.0
2025-08-16,1520.29,10900574.690185694,1.0,1520.29,0.0
2025-08-17,15923.39,10916498.080185696,1.0,15923.39,0.0
2025-08-18,36851.89669048722,10953349.97687618,5.0,36851.89669048722,0.0
2025-08-19,21288.11,10963785.02687618,3.0,21288.11,0.0
2025-08-20,10267.13,10984905.216876185,1.0,10267.13,0.0
2025-08-21,17926.16,10986840.876876185,2.0,17926.16,0.0
2025-08-22,31202.07,11034033.446876183,2.0,31202.07,0.0
2025-08-23,16308.78,11050342.226876182,3.0,16308.78,0.0
2025-08-24,0.0,11057636.871876182,0.0,0.0,0.0
2025-08-25,14589.29,11064931.516876182,2.0,14589.29,0.0
2025-08-26,7091.46,11072022.976876182,1.0,7091.46,0.0
2025-08-27,11603.66,11077596.176876182,2.0,11603.66,0.0
2025-08-28,-18720.0,11064906.636876184,1.0,0.0,18720.0
2025-08-29,6724.39,11071631.026876183,1.0,6724.39,0.0
2025-08-30,0.0,11075786.521876182,0.0,0.0,0.0
2025-08-31,8310.99,11079942.016876183,1.0,8310.99,0.0
2025-09-01,-160370.61,10919571.406876186,5.0,0.0,160370.61
2025-09-02,12679.13,10932250.536876189,1.0,12679.13,0.0
2025-09-03,19412.74,10941203.116876189,2.0,19412.74,0.0
2025-09-04,6745.25,10958408.526876189,1.0,6745.25,0.0
2025-09-05,6693.84,10965102.366876189,2.0,6693.84,0.0
2025-09-06,46892.05,11011994.416876188,3.0,46892.05,0.0
2025-09-07,10134.2,11022128.616876189,2.0,10134.2,0.0
2025-09-08,12655.61,11026936.126876188,3.0,12655.61,0.0
2025-09-09,0.0,11034719.056876188,0.0,0.0,0.0
2025-09-10,7717.76,11042501.986876188,2.0,7717.76,0.0
2025-09-11,17804.48,11060306.466876186,2.0,17804.48,0.0
2025-09-12,8863.83,11069170.296876188,1.0,8863.83,0.0
2025-09-13,23265.64,11076186.316876186,3.0,23265.64,0.0
2025-09-14,7267.8,11099703.736876188,1.0,7267.8,0.0
2025-09-15,6281.283824441478,11110626.156876188,2.0,6281.283824441478,0.0
2025-09-16,4653.63,11110638.65070063,1.0,4653.63,0.0
2025-09-17,-2755.282765952623,11107883.367934678,1.0,0.0,2755.282765952623
2025-09-18,23412.9,11131296.267934678,3.0,23412.9,0.0
2025-09-19,35495.03,11166791.297934676,2.0,35495.03,0.0
2025-09-20,4219.49,11171010.787934678,1.0,4219.49,0.0
2025-09-21,3378.59,11174389.377934678,1.0,3378.59,0.0
2025-09-22,12427.88,11186817.257934678,1.0,12427.88,0.0
2025-09-23,2696.59,11189513.847934678,1.0,2696.59,0.0
2025-09-24,29186.93,11206619.74793468,2.0,29186.93,0.0
2025-09-25,54713.97,11273414.74793468,7.0,54713.97,0.0
2025-09-26,20313.48,11289129.517934678,3.0,20313.48,0.0
2025-09-27,37613.89,11331342.117934678,5.0,37613.89,0.0
2025-09-28,-582.5599999999977,11324313.147934675,3.0,0.0,582.5599999999977
2025-09-29,1503.84,11332263.397934675,1.0,1503.84,0.0
2025-09-30,15182.31,11336704.127934678,2.0,15182.31,0.0
2025-10-01,-189072.32,11158373.387934675,5.0,0.0,189072.32
2025-10-02,45419.42,11203792.807934675,4.0,45419.42,0.0
2025-10-03,22468.22,11217735.437934678,2.0,22468.22,0.0
2025-10-04,7663.22,11233924.24793468,1.0,7663.22,0.0
2025-10-05,0.0,11240292.26793468,0.0,0.0,0.0
2025-10-06,12736.04,11246660.28793468,2.0,12736.04,0.0
2025-10-07,14244.34,11260904.62793468,2.0,14244.34,0.0
2025-10-08,34267.369999999995,11295171.99793468,2.0,34267.369999999995,0.0
2025-10-09,38912.85,11304369.25793468,4.0,38912.85,0.0
2025-10-10,10676.38,11344761.22793468,2.0,10676.38,0.0
2025-10-11,5829.0,11350590.22793468,1.0,5829.0,0.0
2025-10-12,18485.12,11369075.347934678,3.0,18485.12,0.0
2025-10-13,37582.55,11395098.007934678,3.0,37582.55,0.0
2025-10-14,31040.75,11423452.70793468,2.0,31040.75,0.0
2025-10-15,31267.717815563872,11468966.365750244,4.0,31267.717815563872,0.0
2025-10-16,29729.38,11498695.745750245,2.0,29729.38,0.0
2025-10-17,25814.28,11503785.425750244,3.0,25814.28,0.0
2025-10-18,26253.36,11550763.385750243,3.0,26253.36,0.0
2025-10-19,48230.75,11583168.305750243,4.0,48230.75,0.0
2025-10-20,-31405.22405624012,11601898.345750246,3.0,0.0,31405.22405624012
2025-10-21,28704.62,11578317.621694006,2.0,28704.62,0.0
2025-10-22,11951.3,11608244.831694003,2.0,11951.3,0.0
2025-10-23,29623.46,11637868.291694006,4.0,29623.46,0.0
2025-10-24,6917.56,11644785.851694006,1.0,6917.56,0.0
2025-10-25,18440.800000000003,11646206.181694008,3.0,18440.800000000003,0.0
2025-10-26,5356.22,11668582.871694008,1.0,5356.22,0.0
2025-10-27,29277.9,11697860.771694008,3.0,29277.9,0.0
2025-10-28,-18720.0,11679140.771694008,1.0,0.0,18720.0
2025-10-29,27117.39,11706258.16169401,3.0,27117.39,0.0
2025-10-30,35101.96,11728164.34169401,5.0,35101.96,0.0
2025-10-31,0.0,11744098.036694009,0.0,0.0,0.0
2025-11-01,18671.61,11760031.73169401,3.0,18671.61,0.0
2025-11-02,23339.73,11783371.46169401,2.0,23339.73,0.0
2025-11-03,-164122.88,11619248.58169401,7.0,0.0,164122.88
2025-11-04,10003.19,11629251.77169401,2.0,10003.19,0.0
2025-11-05,3872.67,11633124.44169401,1.0,3872.67,0.0
2025-11-06,35834.45,11649839.27169401,4.0,35834.45,0.0
2025-11-07,13334.7,11682293.591694009,1.0,13334.7,0.0
2025-11-08,26491.85,11708785.44169401,3.0,26491.85,0.0
2025-11-09,51898.49,11738529.91169401,4.0,51898.49,0.0
2025-11-10,7333.61,11768017.54169401,1.0,7333.61,0.0
2025-11-11,27298.68,11795316.221694011,3.0,27298.68,0.0
2025-11-12,45003.84,11830351.891694011,4.0,45003.84,0.0
2025-11-13,33989.020000000004,11857524.03169401,4.0,33989.020000000004,0.0
2025-11-14,15311.55,11889620.63169401,3.0,15311.55,0.0
2025-11-15,26881.80368259089,11916502.4353766,4.0,26881.80368259089,0.0
2025-11-16,18776.71810346823,11926263.5353766,5.0,18776.71810346823,0.0
2025-11-17,20342.16,11955621.31348007,2.0,20342.16,0.0
2025-11-18,22991.92,11978613.233480072,3.0,22991.92,0.0
2025-11-19,0.0,11988206.788480071,0.0,0.0,0.0
2025-11-20,20402.36,11997800.343480073,4.0,20402.36,0.0
2025-11-21,29246.19,12013910.053480072,4.0,29246.19,0.0
2025-11-22,16410.86,12044672.64348007,2.0,16410.86,0.0
2025-11-23,23250.82,12067923.46348007,2.0,23250.82,0.0
2025-11-24,37147.13,12105070.59348007,4.0,37147.13,0.0
2025-11-25,31459.78,12112920.75348007,4.0,31459.78,0.0
2025-11-26,24285.68,12160816.05348007,2.0,24285.68,0.0
2025-11-27,36600.02,12197416.07348007,3.0,36600.02,0.0
2025-11-28,26242.53,12227199.023480069,6.0,26242.53,0.0
2025-11-29,16388.51,12240047.11348007,3.0,16388.51,0.0
2025-11-30,25326.21,12257944.94348007,4.0,25326.21,0.0
2025-12-01,-185459.22,12065537.883480072,4.0,0.0,185459.22
2025-12-02,37345.48,12117259.583480071,3.0,37345.48,0.0
2025-12-03,5033.11,12122292.69348007,1.0,5033.11,0.0
2025-12-04,0.0,12123884.85848007,0.0,0.0,0.0
2025-12-05,80176.63,12125477.02348007,8.0,80176.63,0.0
2025-12-06,4723.950000000001,12207193.27348007,2.0,4723.950000000001,0.0
2025-12-07,72216.9,12236384.573480071,5.0,72216.9,0.0
2025-12-08,14784.54,12294194.713480074,2.0,14784.54,0.0
2025-12-09,5314.9,12299509.613480074,1.0,5314.9,0.0
2025-12-10,0.0,12302739.403480075,0.0,0.0,0.0
2025-12-11,6459.58,12305969.193480074,3.0,6459.58,0.0
2025-12-12,21498.29,12319685.943480074,3.0,21498.29,0.0
2025-12-13,8672.97,12329568.303480074,2.0,8672.97,0.0
2025-12-14,43695.09,12379835.543480074,4.0,43695.09,0.0
2025-12-15,-2548.139220689852,12377287.404259384,1.0,0.0,2548.139220689852
2025-12-16,6157.123026987324,12383444.527286371,3.0,6157.123026987324,0.0
2025-12-17,20836.26,12388825.237286372,3.0,20836.26,0.0
2025-12-18,10137.75,12414418.537286373,2.0,10137.75,0.0
2025-12-19,0.0,12425810.467286373,0.0,0.0,0.0
2025-12-20,22783.86,12437202.397286372,3.0,22783.86,0.0
2025-12-21,1855.95,12439058.347286372,1.0,1855.95,0.0
2025-12-22,8659.1,12447717.447286371,1.0,8659.1,0.0
2025-12-23,53598.28,12478227.98728637,4.0,53598.28,0.0
2025-12-24,61624.72,12562940.447286371,7.0,61624.72,0.0
2025-12-25,37577.07,12578309.767286371,4.0,37577.07,0.0
2025-12-26,47848.78,12648366.297286369,5.0,47848.78,0.0
2025-12-27,9226.07,12657592.36728637,1.0,9226.07,0.0
2025-12-28,8050.869999999999,12671007.00728637,3.0,8050.869999999999,0.0
2025-12-29,46096.41,12711739.64728637,5.0,46096.41,0.0
2025-12-30,0.0,12731785.267286371,0.0,0.0,0.0
2025-12-31,40091.24,12751830.88728637,4.0,40091.24,0.0
2026-01-01,7790.12,12759621.00728637,1.0,7790.12,0.0
2026-01-02,1500.05,12761121.05728637,1.0,1500.05,0.0
2026-01-03,34284.18,12795405.237286368,4.0,34284.18,0.0
2026-01-04,28914.88,12824320.11728637,3.0,28914.88,0.0
2026-01-05,10444.13,12834764.24728637,2.0,10444.13,0.0
2026-01-06,29318.02,12839314.91728637,3.0,29318.02,0.0
2026-01-07,0.0,12856618.582286367,0.0,0.0,0.0
2026-01-08,9839.98,12873922.24728637,2.0,9839.98,0.0
2026-01-09,9797.84,12883720.08728637,1.0,9797.84,0.0
2026-01-10,15414.23,12899134.31728637,1.0,15414.23,0.0
2026-01-11,6942.75,12906077.06728637,1.0,6942.75,0.0
2026-01-12,12104.28,12918181.34728637,2.0,12104.28,0.0
2026-01-13,26907.68,12933477.72728637,2.0,26907.68,0.0
2026-01-14,27603.99,12972693.017286371,3.0,27603.99,0.0
2026-01-15,4753.55,12977446.567286372,1.0,4753.55,0.0
2026-01-16,18041.22,12995487.787286373,3.0,18041.22,0.0
2026-01-17,1736.98,12997224.767286371,1.0,1736.98,0.0
2026-01-18,11766.55,13008991.317286372,1.0,11766.55,0.0
2026-01-19,25096.73,13015395.937286371,3.0,25096.73,0.0
2026-01-20,33455.06,13067543.107286371,3.0,33455.06,0.0
2026-01-21,14276.669999999998,13081819.777286371,2.0,14276.669999999998,0.0
2026-01-22,18000.75,13099820.527286371,2.0,18000.75,0.0
2026-01-23,5879.26,13105699.787286373,1.0,5879.26,0.0
2026-01-24,10281.99,13115981.777286371,1.0,10281.99,0.0
2026-01-25,11557.61,13127539.38728637,1.0,11557.61,0.0
2026-01-26,5512.19,13133051.57728637,1.0,5512.19,0.0
2026-01-27,0.0,13135173.250619704,0.0,0.0,0.0
2026-01-28,0.0,13137294.923953036,0.0,0.0,0.0
2026-01-29,6365.02,13139416.59728637,1.0,6365.02,0.0
2026-01-30,0.0,13143759.87228637,0.0,0.0,0.0
2026-01-31,0.0,13148103.14728637,0.0,0.0,0.0
2026-02-01,0.0,13152446.422286369,0.0,0.0,0.0
2026-02-02,17373.1,13156789.69728637,1.0,17373.1,0.0
2026-02-03,0.0,13164967.137286369,0.0,0.0,0.0
2026-02-04,0.0,13173144.57728637,0.0,0.0,0.0
2026-02-05,24532.32,13181322.01728637,2.0,24532.32,0.0
2026-02-06,3202.93,13184524.94728637,1.0,3202.93,0.0
2026-02-07,21285.37,13205810.317286368,2.0,21285.37,0.0
2026-02-08,11221.95,13217032.267286368,1.0,11221.95,0.0
2026-02-09,0.0,13225753.947286367,0.0,0.0,0.0
2026-02-10,17443.36,13234475.627286367,1.0,17443.36,0.0
2026-02-11,0.0,13238837.602286369,0.0,0.0,0.0
2026-02-12,0.0,13243199.577286366,0.0,0.0,0.0
2026-02-13,0.0,13247561.552286368,0.0,0.0,0.0
2026-02-14,17447.9,13251923.527286367,1.0,17447.9,0.0
2026-02-15,0.0,13259409.987286368,0.0,0.0,0.0
2026-02-16,14972.92,13266896.447286367,1.0,14972.92,0.0
2026-02-17,0.0,13268527.004786368,0.0,0.0,0.0
2026-02-18,0.0,13270157.562286368,0.0,0.0,0.0
2026-02-19,0.0,13271788.119786369,0.0,0.0,0.0
2026-02-20,0.0,13273418.677286368,0.0,0.0,0.0
2026-02-21,0.0,13275049.234786369,0.0,0.0,0.0
2026-02-22,0.0,13276679.792286368,0.0,0.0,0.0
2026-02-23,0.0,13278310.349786367,0.0,0.0,0.0
2026-02-24,13044.46,13279940.907286368,1.0,13044.46,0.0
2026-02-25,0.0,13286165.282286368,0.0,0.0,0.0
2026-02-26,12448.75,13292389.657286368,1.0,12448.75,0.0
